Дата;Год1;Год2;Год3;Год4;Год5;Год6;Год7;Год8;Год9;Год10;Год11;Год12;Год13;Год14;Год15;Год16;Год17;Год18;Год19;Год20;Год21;Год22;Год23;Год24
01.01.2025;3500;2900;2440;2250;1940;2000;750;1940;990;875;490;500;490;1111;2630;4180;5200;8300;8200;6600;6600;5980;4180;3970
02.01.2025;2500;2664;2000;1199;2000;2500;4000;5380;4680;5000;4400;4650;4350;4650;5567.26;5500;5566.31;8200;8200;7100;6600;5980;4980;4780
03.01.2025;3800;2500;2000;1999;2000;2500;3920;5380;6200;6837.52;6200;5564.71;5565.85;5600;5600;5600;5600;8000;7900;6975;6975;5980;5980;6200
04.01.2025;4304;3920;3904;2890;2678;3920;3920;4584;6200;6200;4584;3969;3149;3970;4980;5567.44;5600;8942.61;8400;8918.51;8947.11;7900;6180;6851.44
05.01.2025;4745;4320;3920;3920;3920;4289;4320;4544;4680;3943;2850;2819;2850;2998;3943;5521;5600;8600;8100;7226.35;6800;6790;4980;5180
06.01.2025;3920;2678;2500;2000;2000;2500;2890;4680;6800;6900;6900;5600;5600;5600;5600;5600;5600;8700;8100;8600;7900;6800;5980;6200
07.01.2025;3920;3000;2500;2500;2500;2890;3889;4000;6400;6800;5880;4650;4350;4800;5568.09;5600;5600;8600;8100;7540;7091;6701;5980;5180
08.01.2025;3889;3880;2890;2678;2678;3880;4289;5300;6875.3;6900;6600;5250;4650;4980;5600;5600;5600;8950.66;8950.5;8943.81;8356;8094;5600;6875.14
09.01.2025;4745;4318;4318;3880;4318;4320;4745;6875.37;6900;6900;6650;4980;4600;4980;5564.78;5600;5600;8200;8000;8116;7188;6790;5580;6877.01
10.01.2025;4318;3879;2890;2500;2500;3500;4000;5380;6800;6900;6900;5600;5600;5600;5600;5600;5600;8000;7900;7900;6800;6543;5580;6800
11.01.2025;5539.55;5180;4745;4308;4308;4745;5180;5380;6100;6800;5860;5250;4650;4650;5567.51;5600;5600;9000;8951.37;8950.69;8947.63;8950.18;6790;6872.01
12.01.2025;5400;5180;4318;3879;3879;4308;4308;4680;4680;4800;3190;2890;2890;3500;4350;5100;5569.43;8600;8600;7900;7900;7999;5700;6600
13.01.2025;3868;3300;3000;2678;2699;3000;3829;6507;6800;6875.1;6600;5250;4350;5250;5563.6;5600;5600;8936.24;8818;7900;7900;7680;6396;6650
14.01.2025;4745;3500;3500;3000;3300;3500;4308;6417;6900;6874.62;6300;4650;3934;4339;5250;5600;5600;8989.22;9000;8992.69;8700;8700;6790;6862.71
15.01.2025;4745;3800;3500;3000;3000;3500;4308;6876.97;6900;6900;6900;5600;5600;5600;5600;5600;5600;9000;9000;9000;9000;9000;8991.14;6874.61
16.01.2025;4308;3000;2890;2678;2890;2890;3868;6650;6900;6900;6900;5600;5600;5600;5600;5600;5600;9000;9000;9000;8989.5;8600;6800;5860
17.01.2025;3600;2890;2678;2500;2000;2678;3868;6594;6900;6900;6900;5600;5600;5600;5600;5600;5600;8950;8950;8920.55;8242;7900;6912.67;6872.76
18.01.2025;3500;2678;2490;2490;2490;2678;2890;5180;5700;6850;6850;5600;5100;5100;5100;5500;5565.54;8200;7900;7641.26;8200;8988.69;7300;6877.67
19.01.2025;3868;3500;3300;2890;2890;3300;3300;5180;6100;6500;5180;4000;2890;2840;3890;4980;5400;8700;8450;8600;8700;8988.79;8990.02;6872.12
20.01.2025;3500;2890;2890;2678;2678;3000;4308;6876.12;6871.4;6850;4680;3099;2500;2833;4500;5500;5600;9000;8991.9;8991.61;8900;8900;7300;6870.59
21.01.2025;3800;3000;2890;2678;2678;3000;4308;6850;6900;6900;6900;5600;5600;5600;5600;5600;5600;9000;9000;8992.76;8970;8970;7777;6800
22.01.2025;3300;2890;2000;2000;2000;2890;4000;6300;6900;6900;6900;5600;5600;5600;5600;5600;5600;9000;8993.17;8970;8700;8600;7700;6000
23.01.2025;3868;3800;3798;3300;3500;3868;4308;6650;6900;6900;6900;5600;5600;5600;5600;5600;5600;8980;8970;8989.69;8900;8700;8100;6850
24.01.2025;4280;3300;2890;2890;2890;3600;4745;6650;6900;6900;6900;5600;5600;5600;5600;5600;5600;8980;8900;8946.8;8850;8600;7543;6450
25.01.2025;5180;4289;3868;2890;2850;2890;4289;5860;5380;6300;5860;4980;4339;4339;4650;5100;5550;8900;8900;8992.48;8900;8990.75;7400;6850
26.01.2025;4280;3100;2678;2500;2500;2678;3000;5380;5300;6000;5380;4800;4339;3879;4339;4650;5200;8850;8850;8970;8900;8989.15;8300;6750
27.01.2025;3300;2678;2100;2000;2000;2450;3798;6650;6900;6845;5300;4500;3700;3700;4339;4980;5400;8700;8799;8900;8700;8700;8600;6000
28.01.2025;3900;2678;2480;2480;2480;2678;4300;6875.49;6900;6900;6874.63;5562.95;4650;4650;5240;5569.21;5600;8900;8900;8987.55;8900;8970;8946.45;6876.92
29.01.2025;3868;3800;2660;2660;2428;2678;4700;6860;6900;6900;6700;5294;4320;4644;4980;5500;5600;8700;8900;8990.18;8970;9000;8900;6900
30.01.2025;4280;4000;3798;2650;2650;3868;5180;6860;6900;6900;6750;5558.82;4980;4600;4980;5300;5550;8798;8900;8980;8900;8900;8900;6800
31.01.2025;4264;3800;3000;2600;2428;3500;4700;6750;6900;6900;6900;5600;5564.93;5562.68;5564.28;5250;5500;8300;8500;8700;8500;8500;7900;6650
01.02.2025;3798;2640;2428;2200;2200;2428;2800;4500;5100;5600;5600;4600;4300;3940;4320;4955;5500;8100;8500;8600;8300;8300;7100;5900
02.02.2025;4264;3800;3000;2390;2390;2600;3629;4000;4500;4000;3700;3490;3300;3900;4320;5100;5550;8800;8700;8922.06;8800;8900;8500;6700
03.02.2025;5180;4280;4264;3798;3798;4264;5180;6876.68;6900;6900;6900;5600;5600;5600;5600;5600;5600;9000;9000;8992.74;8700;8500;8100;6700
04.02.2025;3389;2480;2000;950;698;2640;3600;6100;6877.22;6878.39;6850;5600;5569.99;5567.33;5600;5600;5600;8950;9000;8950;8800;8290;8000;6200
05.02.2025;3868;2640;2480;2000;2000;2800;4280;5900;6875.21;6876.86;6735;5568.44;5023;5250;5550;5600;5600;8800;8920;8800;8500;8200;8300;6800
06.02.2025;3800;3389;2640;2480;2400;3500;4198;5800;6650;6600;5900;4800;4320;4800;5200;5550;5568.27;8300;8700;8700;8200;7780.32;7800;5600
07.02.2025;4100;3800;3000;2640;2480;2800;4280;5860;6872.91;6900;6876.72;5550;4850;4850;4980;5550;5600;8200;8600;8500;7800;7400;7600;6876.28
08.02.2025;4745;3868;2640;2640;2520;2640;2600;4000;5350;5860;5280;4250;3940;3939;4255;4980;5600;8700;8700;8300;7777;7450;7350;6876.02
09.02.2025;4745;3800;3868;2350;3868;4280;4100;4000;4680;4000;3088;2500;2500;2637;3050;4630;5550;8800;8990.21;8900;8588;8600;8988.49;6900
10.02.2025;4960;4280;2640;2480;2640;3868;5400;6900;6900;6900;5860;3940;3599;3600;4650;5550;5600;9000;9000;9000;9000;8988.23;7850;6845
11.02.2025;5400;4745;4000;3000;3868;4198;4200;6650;6900;6879.82;6649;4980;4300;4300;4700;5350;5600;9000;9000;8992.41;8950;8600;8150;6876.49
12.02.2025;5400;4745;4198;3868;3534;4500;4500;6700;6900;6700;5280;4255;2998;2998;4190;5250;5600;9000;9000;9000;9000;8946.58;8500;6900
13.02.2025;5545.41;4744;3868;3795;3868;5180;4745;6860;6877;6400;4390;2998;2700;2700;2998;4979;5600;9000;9000;9000;8950;8732;8500;6800
14.02.2025;5200;3868;3300;3100;3100;4744;4280;6650;6876.75;6874.04;6872.8;5567.24;4900;5250;5600;5600;5600;8993.75;9000;8950;8800;8600;8000;6845
15.02.2025;5000;4740;4278;3858;3858;4278;4280;4680;6173;6700;6700;5563.03;4950;4640;4950;5450;5600;8850;9000;8989.7;8700;8600;8000;6876.73
16.02.2025;5400;5180;4500;4250;4250;4740;4250;4480;5200;4680;3350;3150;2990;3000;3799;4949;5500;8850;9000;8950;8900;8700;8000;6845
17.02.2025;5180;4740;4250;3858;4239;5180;5400;6900;6900;6878.74;5860;4000;3950;3950;4650;5567.43;5600;9000;9000;9000;9000;9000;8200;6873.79
18.02.2025;5544.99;5400;5180;4500;4740;5400;5600;6900;6900;6900;6400;3820;3799;3820;4320;5600;5600;9000;9000;9000;9000;9000;8992.81;6900
19.02.2025;5600;5400;5180;4740;5180;5546.11;5600;6900;6900;6900;6900;5550;4640;5563.34;5600;5600;5600;9000;9000;9000;9000;9000;9000;6900
20.02.2025;5600;5400;5180;4740;5180;5500;5600;6900;6900;6900;6900;5600;5600;5600;5600;5600;5600;9000;9000;9000;9000;9000;9000;6900
21.02.2025;5544.32;4800;4500;4250;4500;5000;5544.33;6900;6900;6900;5820;4500;4320;4600;4250;5250;5600;9000;9000;9000;9000;8988.95;8800;6900
22.02.2025;5547.9;4740;4239;3800;3858;4239;4250;6200;6650;5860;4680;2678;2380;2499;3799;3970;5550;8989.73;9000;9000;9000;8991.25;8900;6900
23.02.2025;5546.39;4740;4000;3795;3795;3800;4200;5860;5379;4679;3799;3199;2000;2499;2678;3700;5450;8943;9000;9000;9000;9000;8800;6875.6
24.02.2025;4740;4210;4198;3800;3795;4210;5400;6900;6900;6900;4680;3700;2626;3700;3200;5250;5600;9000;9000;9000;9000;9000;9000;6900
25.02.2025;5600;5453.03;5446.32;5180;5200;5453.76;5600;6900;6900;6900;6200;4200;3950;3950;4650;5600;5600;9000;9000;9000;9000;9000;9000;6900
26.02.2025;5600;5447.7;4740;4210;4740;5400;5600;6900;6900;6900;6550;4450;3945;3945;4649;5600;5600;9000;9000;9000;9000;9000;9000;6900
27.02.2025;5500;4210;3865;3790;3865;4210;5500;6900;6900;6900;6390;3945;3750;3945;4450;5000;5600;9000;9000;9000;9000;8900;8700;6801.79
28.02.2025;5400;4210;3790;3785;3790;4740;5400;6900;6900;6900;6900;5600;4950;4950;5600;5600;5600;8800;9000;9000;8800;8696;8500;6850
01.03.2025;5600;4740;3770;2480;2480;3081;4190;5280;6800;6900;6400;4950;4570;4200;4550;5500;5600;8310;9000;9000;8700;8100;6863;6400
02.03.2025;4740;4740;4210;3770;3770;4000;4606;5000;5720;5720;5130;4434;3391;3914;3920;4650;5550;8300;8900;8800;8600;8100;6000;5600
03.03.2025;5400;4210;3770;3300;3300;4198;5100;6900;6900;6900;6900;5193;4570;4570;5010;5600;5600;9000;9000;9000;9000;9000;8200;6900
04.03.2025;5180;4198;3450;2500;2500;3785;5300;6900;6900;6700;3500;1000;985;985;1499.68;3271;5000;8400;9000;9000;9000;8800;8090;6850
05.03.2025;5180;4740;3770;3450;3770;4210;5400;6900;6900;4800;2077;650;500;900;975;2450;4650;8100;9000;9000;9000;8900;7545;5860
06.03.2025;4280;1588;800;500;800;800;3770;5280;5280;3512;2500;2000;450;400;634;999;4300;8500;9000;9000;9000;9000;7554;5100
07.03.2025;4280;3858;3450;3764;3764;4210;5600;6900;6900;5600;3885;3848;2699;3000;3000;3970;5600;9000;9000;9000;9000;9000;9000;6900
08.03.2025;5600;4500;3764;3764;3760;3764;5600;6700;5280;3900;2600;2500;999;2698;3000;3549;5600;9000;9000;9000;9000;9000;9000;6900
09.03.2025;5600;4000;3100;1000;1000;3150;3756;4200;3910;2650;990;440;250;440;2400;3000;3910;8900;9000;9000;9000;9000;6790;5000
10.03.2025;5180;3350;2845;1000;2000;3400;5600;6900;6900;4100;3450;1878;350;450;2350;3000;5600;9000;9000;9000;9000;9000;7800;6900
11.03.2025;4740;3710;2939;1970;800;2939;5180;6900;6800;3800;2400;1000;450;1670;1875;1670;5600;9000;9000;9000;9000;9000;7500;5580
12.03.2025;4000;3250;2900;1666;777;3000;4000;4700;5277.49;5300;2848;1874;450;1874;2349;3000;5600;9000;9000;9000;9000;9000;8892.47;6900
13.03.2025;4280;3300;2545;450;450;500;4190;6870.33;6900;6900;4000;3250;2900;2900;3250;3970;5446;8889.48;8800;8891.42;8891.93;8300;6500;4800
14.03.2025;4280;3708;3000;3000;3000;3250;5400;6740;6700;3894;2890;2200;450;999;2730;2999;5550;8892.95;8900;9000;8888.71;8880;8300;5275.82
15.03.2025;5480;4030;3756;3708;3708;3742;4000;4100;4490;3400;2840;1815;1745;2300;2697;3970;4760;7900;8300;8400;8300;7980;7250;6750
16.03.2025;5500;4210;4000;3708;3694;3694;4412;5300;4700;4000;3840;2994;1598;2860;2994;4466.24;5400;7500;8300;8400;8100;7900;8750;6750
17.03.2025;5500;4500;4210;3708;3704;4500;5550;6779.45;6900;6900;5625;3840;3450.81;3493;3400;4040;4500;7700;8800;8893.95;8890.17;8300;7200;6780
18.03.2025;5530;4530;3704;3250;3250;4210;5046.09;4100;5250;3649;3199;2450;2600;2600;2900;2920;3780;7700;8400;8400;8800;8892.05;8800;6880
19.03.2025;5530;4210;3708;3500;3500;4210;5180;6300;6154;5000;4649;3250;2885;2885;2523.08;2880;4000;6800;8400;9000;8892.86;8500;8870;6800
20.03.2025;5046.46;4210;3650;3500;3249;3742;5049.06;5860;3894;3879;2990;2370;1800;1498;1498;2880;4135;6400;8888.1;9000;8893.31;8500;8700;6274.61
21.03.2025;5550;5180;5047.56;5045.48;5020;5044.89;5600;6900;6361.31;4680;4670;3248;3000;3248;4858.26;4930;4865;8894.62;9000;9000;8890.65;9000;8888.39;6800
22.03.2025;5530;5243.07;5180;5020;5020;5242.15;5244.57;3875;3690;3000;2399;445;320;445;2295;2970;3450;6300;8400;8400;8000;6800;6790;6000
23.03.2025;5000;4210;3708;3248;3248;3400;3800;3550;3550;3205;2000;440;440;910;1837;2100;3675;5900;8000;8300;7900;6100;6300;5600
24.03.2025;5530;4952;3708;3650;3708;5090;5600;6900;6900;6900;5587.54;3400;3000;3400;4230;4401;5600;7550;9000;9000;9000;9000;8850;6880
25.03.2025;5550;5247.77;5090;5090;5090;5244.95;5600;6900;6900;6900;6276.77;4862.56;4000;4040;4930;5000;5600;9000;9000;9000;9000;8850;8870;6880
26.03.2025;5570;5500;5180;5090;5132.31;5500;5570;6777.67;6560;5500;3980;3248;2950;2970;3524;4452;5550;8880;8840;9000;8850;8840;8840;6840
27.03.2025;5550;5500;5090;5090;5090;5248.04;5570;6700;6700;6272.52;5860;3840;3840;4230;4950;5000;5600;9000;8893.58;9000;8889.54;8840;8840;6880
28.03.2025;4446.19;3248;3000;1498;1800;3248;5090;4600;4000;3000;1950;100;100;100;555;2950;4720;8600;8600;8600;8300;8100;7600;6477.85
29.03.2025;4447.16;3750;3000;2900;1800;3000;3756;3220;3220;400;100;100;90;100;450;3215;5600;8890.96;8945.23;9000;9000;8891.23;8800;6477.02
30.03.2025;4445.32;3727;3215;2900;3215;3750;3600;4200;4000;5000;3360.15;3358.93;3365.97;3369.02;3400;4969.04;8892.84;8894.4;9000;9000;9000;9000;6900;
31.03.2025;3650;3100;2100;1077;1179;2700;4442.49;6900;6900;6900;6273.83;3840;3099;3245;4568.51;4565.05;5600;8887.89;8891.47;9000;9000;9000;8893.69;6477.35
01.04.2025;3000;2100;1500;1000;1179;2100;3500;6300;6400;6240;4655;3000;3000;2900;2900;3389;3450;4540;6800;8300;8800;8300;6900;5600
02.04.2025;3747;2000;500;300;400;2000;4197;5400;6273.2;5659;3747;2875.55;2600;2600;2450;2662;3346.12;4197;6790;8300;8600;7395;5600;4444
03.04.2025;4597;3735;3250;3189;3250;3900;4443.87;6872.46;6900;6900;6900;4700;3747;2900;2888;2888;3747;4118;6690;8100;8850;8850;6898;5600
04.04.2025;4597;4197;3715;3178;3500;3900;4447.99;6872.37;6900;5599;3240;1550;900;950;950;2888;4857.25;6100;8850;9000;9000;9000;8891.21;6474.37
05.04.2025;5600;4200;3850;3000;3000;3773;3850;4000;5720;4700;4150;3650;2050;2050;1750;2450;3250;3850;6099;7600;8300;6800;5054;4197
06.04.2025;4448.89;3850;3000;2447;2647;3300;2850;3055;3400;3000;1638;950;720;720;450;890;2050;3400;6000;7600;8500;8500;6800;5600
07.04.2025;4200;2950;1000;180;180;3000;4449.1;6800;6900;6600;4000;3000;720;1698;2170;2950;3290;4000;6500;8600;9000;8891.75;7500;5600
08.04.2025;4444.73;3850;2950;2950;2950;3850;4400;6750;6279.27;6000;5600;4197;3765.14;3769.48;3400;3400;3850;4198;6600;8850;9000;8889.86;8500;5900
09.04.2025;4400;3340;2950;2789;2900;3700;4400;6750;6750;6161;4490;2950;1555;1495;1550;1978;2925;3944;5400;8113;8870;8870;6800;4444
10.04.2025;4597;4000;3500;2900;2900;4000;4495;5900;6750;5900;4800;3833.84;2900;1495;1495;1888;2800;3400;5243.65;7800;8700;8500;6690;4743.01
11.04.2025;4197;4000;3600;3340;3340;3600;4197;6775.97;6900;6274.11;4597;3340;2390;1794;1794;2700;2950;4197;5500;8000;8870;8870;7400;5860
12.04.2025;4597;4000;3680;3400;3400;3494;3494;3400;3400;3290;2690;430;468;450;430;430;999;3444;4500;8000;8677;8200;6800;5860
13.04.2025;4945.44;4197;3665;3494;3494;3400;3400;3325;3000;2692;1989;100;100;100;100;100;2050;4115;4980;8300;8300;8300;6751;6400
14.04.2025;4100;3494;2965;2189;2965;3494;4642;6400;6276.04;4100;3440;555;450;450;989;989;2650;4597;6269;8700;8892.02;8889.88;7950;5683
15.04.2025;4890;4550;4000;4000;4144;4144;5128.33;6120;5900;4200;3899;999;450;555;2000;2094;3500;5270;8889.47;8893.14;8889.6;8870;8870;6400
16.04.2025;4890;4545;4000;3796;3942;4400;4890;6900;6900;6900;4597;3250;1740;1740;2500;2500;3500;4750;8600;8893.58;8900;8892.04;8892;6472.04
17.04.2025;4446.33;4330.1;3942;3300;3389;4329.57;4800;6900;6800;4597;3250;3288;2487;2487;2487;2700;2940;3920;8200;8870;8870;8870;8870;6377.96
18.04.2025;4100;3950;3933;3300;3595;3933;4535;6750;4749;3250;3250;1055;450;450;950;450;2040;3000;4900;8200;8600;8400;7800;4597
19.04.2025;3800;3389;2965;2297;2297;3200;3400;3389;2700;3400;3850;2940;2650;1994;2400;2650;1880;3500;7000;8400;8769.25;8750;8750;6257.46
20.04.2025;3949.65;3800;2700;2700;2300;2700;3000;1650;1650;1400;840;100;96;85;84;84;96;571;2780;6000;8300;8000;6200;3500
21.04.2025;3600;3700;2700;2400;2496;3600;3944.88;5500;4499;3299;2199;450;100;100;1550;878;2580;2800;4800;8100;8400;8100;6800;4800
22.04.2025;3400;3389;2290;450;1000;3629;3942;6774.86;5160;3400;3300;1055;100;100;450;1986;2579;2800;4795;7600;8300;8000;7620;5000
23.04.2025;4200;4311.13;3796;3942;4000;4309.88;4546.13;6872.2;6275.92;3380;3380;100;100;100;3299;2430;3942;8000;8808.64;8750;9000;9000;8808.25;6379.81
24.04.2025;4476;3942;3796;2698;2296;3942;4547.46;6900;5160;3090;2960;2497;450;450;3097;2497;2800;5000;6600;8800;9000;9000;8800;6376.97
25.04.2025;4542.3;4488;3942;3796;2922.89;4488;5600;6900;6274.4;2964;3250;1000;1389;1389;3160.6;3050;3050;3942;8000;8750;8810.05;8900;8750;6350
26.04.2025;4200;3000;2290;450;430;2290;3917;4488;3600;1980;1350;100;100;100;950;1380;2597;2388;5790;8750;8800;8800;7800;5700
27.04.2025;4535;3389;2290;450;430;2290;3500;2800;1898;839;390;75;69;69;96;430;750;2450;5600;8750;8800;8800;8750;6267.96
28.04.2025;4645.05;3942;3000;2987;3000;4488;4644.61;6774.31;5600;3920;3250;100;100;100;1950;3550;3350;4530;6000;8500;8750;8813.6;8800;6900
29.04.2025;5168.47;3000;2487;2000;2700;3000;4535;6750;4535;3920;2400;100;100;100;890;2900;3000;4800;5600;8000;8600;8800;8750;5774
30.04.2025;4810.11;3628.99;3300;2400;2387;3942;4900;6878.78;6200;2785;2393;88;70;73;2390;1846;3389;3942;4819;5949;8200;8600;7800;4888
01.05.2025;4890;5574.58;5571.58;5571.75;5573.31;5569.46;5600;6875.65;6644.41;5050;2380;1696;1696;1840;2950;4150;4487;8794.04;8809.44;8769.51;8769.73;8812.32;8800;6776.85
02.05.2025;5569.53;4700;4059.67;2965;2200;3942;4600;6842.88;4749;6590;4487;2250;2200;2200;2200;1850;3629;4450;8800;8500;8600;8800;8750;6872.1
03.05.2025;5570.72;5509.28;4488;4600;4500;4500;4800;6600;3600;2699;2640;2750;2750;2200;100;100;2750;3910;5600;7200;8000;8750;8300;6150
04.05.2025;5200;3942;3600;3600;3516;3600;4000;5150;4150;3550;2200;3899;3899;3899;2200;2250;2950;3050;4750;7800;8600;8800;8750;6700
05.05.2025;5500;3985;3985;3985;3985;4000;4488;6840;6900;6671.89;6599;4410;3985;3850;3985;4434;4435;5400;8800;7800;8600;8866.46;8866.62;6887.05
06.05.2025;5550;5200;3985;3900;4200;4660;5490;6850;6879.2;6900;6672.42;5336.22;4407;4200;5463.42;5467.39;4749;8869.46;8850;8850;8850;8868.08;8850;6885.87
07.05.2025;5571.57;5100;4488;3900;890;4488;5530.12;6877.4;6900;6877.76;5000;3750;2639;3170;3240;4490;4750;8869.57;8580;8700;8868.89;8871.28;8870.95;6887.08
08.05.2025;5540.4;5500;5111;4890;5560.79;5111;5200;5600;6841.38;5700;3900;3895;3406;3721;3444;3952;4349;6500;8500;8300;8850;8871.52;8849.77;6850
09.05.2025;5500;5000;4500;4500;4500;5000;5558.23;6800;6873.27;6850;6800;5538.48;4488;4488;3985;3900;3450;4750;7285;7600;8600;8870.73;8600;6000
10.05.2025;5572.89;5569.93;5000;5000;5541.78;5000;4448;3800;3800;3650;2250;2230;2799;2799;1977;1890;2411;4750;5000;7000;8000;8600;8000;6000
11.05.2025;5500;4890;4500;4478;4500;4400;4400;4500;5000;3900;3950;3950;3950;3950;3950;4450;3968;7900;8000;8600;8600;8850;8866.87;6883.49
12.05.2025;4000;3895;2000;800;890;2965;4400;6580;6580;4488;3850;600;900;600;1950;2850;2055;3890;4200;6238;8871.92;8850;8200;4800
13.05.2025;5540.78;4478;3968;3968;3968;3895;4700;6700;4488;2500;1950;80;75;80;94;100;480;3927;8124;8866.7;9000;9000;8850;6885.87
14.05.2025;5573.17;4700;3968;3895;3968;4300;5500;6880.18;4488;3894;2391;80;50;50;80;100;978;6500;8867.29;8894.9;9000;9000;9000;6900
15.05.2025;5571.41;3000;500;230;230;500;4800;6900;6900;6800;3885;100;80;80;500;500;3900;6400;8867.61;9000;9000;9000;8863.58;6000
16.05.2025;4700;2750;280;143;200;343;4300;5600;5850;3033;2450;80;70;80;100;100;790;3968;5050;8300;8850;9000;8700;6000
17.05.2025;5567.22;4600;3897;3100;3000;520;3000;3968;6852.23;6880.65;6872.07;5516.79;4600;4600;4488;3968;3968;6500;8850;8600;8700;8850;8600;6000
18.05.2025;5500;4647;3000;2965;2900;1000;3000;1420;1000;1378;1220;500;440;440;100;100;390;1450;3968;6000;8600;8700;8600;5527
19.05.2025;4000;800;97;100;95;100;3000;3897;3500;3120;2799;94;80;80;77;79;100;500;3000;5000;7400;8600;7600;4597
20.05.2025;4700;4300;3800;3200;1002.51;100;5000;6800;6800;4488;2088;777;100;250;100;100;110;1700;4300;5885;8600;8850;8700;6000
21.05.2025;5000;3290;100;519.99;2000;1933;5500;6820;3333;2450;2999;100;80;100;743;80;100;520;5200;8850;8892.07;9000;8850;6000
22.05.2025;5050;4700;4488;4488;4000;4000;5500;6876.99;5600;3950;2799;70;43;50;50;70;500;5270;9000;8893.8;9000;9000;8889.23;6900
23.05.2025;5050;3800;2965;3800;2965;3800;4700;6860;5600;2450;3499;1000;80;80;100;100;2965;6598;8260;8000;8600;8892.84;8300;6000
24.05.2025;5561.4;4488;3500;3800;798;1002.51;3000;1350;3440;3940;3779;3450;3450;3450;3450;3450;4599;6300;7999;6590;8400;8840;8100;6877.75
25.05.2025;5500;4800;3897;3935;3800;3897;1800;900;995;1150;750;750;750;750;750;910;3800;5500;5790;5400;7900;8600;8000;5400
26.05.2025;5050;3968;2088;2450;2450;3400;5500;6900;6900;6900;6900;3968;1480;3000;5515.38;4500;3897;5500;7000;6900;8600;8700;8600;5050
27.05.2025;3968;978;100;100;100;143;3968;5500;6840;5500;4488;770;456.78;100;2950;1265;500;3000;4719;6000;8600;8840;8700;5400
28.05.2025;3800;2500;978;2088;2500;978;3500;5160;5500;4204;3350;2500;840;150;500;444;1940;3000;4700;6500;8179;9000;8300;6044
29.05.2025;5000;4800;4000;4000;4179.87;4000;4000;5100;4488;3640;2390;1302;285;100;70;80;100;1632;4000;5885;8100;8840;8600;6120
30.05.2025;5500;4890;3968;3890;3890;4488;5500;3968;3800;2699;2193;80;70;70;45;42;75;440;3500;5000;8100;8300;8000;6480
31.05.2025;4400;3955;3240;3000;3000;3000;2500;800;1950;1950;1000;53;100;100;100;196;100;442;3900;5370;8100;8600;7811;6887.76
01.06.2025;5573.51;5600;5600;5600;5569.06;5600;5573.92;3500;1905;555;590;3500;3160;3000;1900;930;3000;4115;8480;8890.26;8889.1;8891.74;8888.17;6886.27
02.06.2025;5559.42;5244;4000;4000;4000;4350;5500;5961;4488;2420;2759.99;100;577;577;1900;1900;1055;3160;5000;8000;8840;8840;8840;6840
03.06.2025;5550;5569.25;5274;5122;5539.44;5570.05;5567.91;6872.57;5550;3968;1899;888;100;100;1843;1843;2600;3540;6000;8700;8870;8870;8870;6882.3
04.06.2025;5550;5550;4734;4688;4688;5000;5031;6548;6200;3900;1555;900;100;100;1350;1780;2599;3899;5599;8870;8885;9000;8885;6880
05.06.2025;5560;5567.92;5560;5340;5099.15;5000;5560;5715.32;3968;3295;1450;488;490;500;1195;2350;3890;8888.39;8889.46;8880;9000;9000;9000;6900
06.06.2025;5560;5568.24;5559.14;5560;5560;5560;5560;6900;6900;3900;1950;577;577;488;3000;1849;3215;6500;8450;8400;8885;9000;8885;6883.45
07.06.2025;5600;5569.81;5572.14;5571.41;5572.37;5561.35;5095;4894;3709;2250;1550;775;999;689;2690;2999;1940;3450;4970;7200;7600;8875;8600;6886.65
08.06.2025;5600;5600;5570.55;5569.41;5560;5560;4000;3000;2155;449;449;2480;2750;2340;421;2699;485;2690;7000;6500;7000;8100;8600;6870
09.06.2025;4440;4734;4000;4000;4400;4000;5560;6830;4363;2350;1630;80;80;100;2650;3250;3000;4115;8450;8875;8600;8875;8100;6870
10.06.2025;5535;5550;5550;5535;5535;5535;5557.36;6879.36;6820;4482;3141;970;985;985;3160;2799;5470;8830;8400;8700;8889.83;9000;9000;6900
11.06.2025;5540;5540;5540;5538.45;5540;5535;5540;6800;6800;6760;6740;3630;3630;3610;3630;3710;5484.09;8810;8810;8830;8850;8892.06;8850;6850
12.06.2025;5530;5525;5525;5525;5525;5525;5440;6730;6810;5580;3580;970;804.36;577;1450;1950;3550;5400;8800;8700;8800;8850;8850;6850
13.06.2025;5540;5525;5525;5525;5525;5525;5525;6810;5510;6200;100;50;47;40;100;100;5000;8700;8800;8800;8585;8800;8600;6850
14.06.2025;5570.93;5525;5525;5007;5420;5525;3968;3550;2950;1550;70;50;50;38.9;38.9;38.9;2450;3350;4600;6400;8600;8600;7800;6800
15.06.2025;5600;5510;5525;4990;4990;5510;3890;3000;2600;80;43;43;35;30;28;28;2960;2840;4480;6900;7800;7800;7300;6840
16.06.2025;5535;5525;5525;5525;5525;5525;5525;6600;4607;70;33;20;12;12;12;11;3890;4500;7200;8690;8550;8550;8450;6850
17.06.2025;5530;5525;5345;4990;4900;4990;5000;5350;5510;1840;50;70;22;50;50;80;3850;3850;5200;6700;8000;8550;8450;6840
18.06.2025;5530;5525;5525;5510;5510;5510;5525;6299;5510;4000;485;69;49;24;49;100;3500;3850;5240;7900;8670;8878.71;8866.46;6860
19.06.2025;5530;5525;5510;4989;4900;4900;5000;5404;5350;3850;944;69;50;50;80;222;3850;3850;5530;7728;8463;8800;8650;6840
20.06.2025;5525;5525;5525;5525;5525;5525;5525;3878;4320;3250;820;70;24;14;35;49;100;1440;4400;6450;7300;8800;8887.16;6800
21.06.2025;5530;5525;5525;5525;5499;5525;5020;3290;3290;3699;1240;1230;97;100;69;69;776;1210;4000;7900;8300;8600;8600;6871
22.06.2025;5530;5525;5525;5525;5525;5525;5440;3000;1810;3400;1800;999;70;70;70;69;1205;1205;4660;8700;8500;8700;8890.49;6800
23.06.2025;5525;5525;5525;5525;5000;4875;5525;5970;5350;3940;3850;100;80;97;333;500;3780;5090;6713.69;8891.4;8894.56;9000;9000;6881.85
24.06.2025;5540;5525;5525;5525;5525;5525;5530;6447;6874.69;4800;3150;96;70;80;969;1000;2700;4950;7850;8889.17;9000;9000;9000;6900
25.06.2025;5540;5525;5525;5525;5525;5525;5530;6152;5300;3850;3840;70;70;70;438;958;3650;3943;6800;8882;9000;9000;9000;6893.84
26.06.2025;5525;5525;5525;5326;5194;5200;5540;6600;4800;3745;3450;70;70;70;1049;1577;3450;3660;6800;8740;9000;9000;9000;6900
27.06.2025;5537.84;5540;5000;5000;5000;5000;4950;6876.02;5300;4500;3820;895;895;840;1350;1350;3500;5280;8000;8800;8893.42;9000;9000;6900
28.06.2025;5571.45;5540;5540;5495;5400;4888;4299;5300;4800;4480;3689;3680;3590;3590;3689;3689;3499;3590;4350;6500;8300;8300;8880;6888.13
29.06.2025;5572.14;4488;4299;3943;3838;3500;3500;3840;3690;3450;3640;3000;2389;2389;2389;1720;2750;3299;3943;6500;8500;8800;8700;6879.75
30.06.2025;4888;4299;3500;3500;3500;3000;4299;6599;4500;3850;3490;68;68;70;500;500;1000;2790;4500;8300;9000;9000;9000;6900
01.07.2025;5568.52;5568.42;5190;4888;4299;4888;5570.49;6872.06;6265;3817;2950;1950;1500;1762;3680;3840;3690;4950;7363;8880;9000;9000;9000;6886.71
02.07.2025;5050;4500;4488;3817;3780;3690;5590.56;6883.47;6850;4428;3689;3500;2983;2983;3450;3620;3690;5535;8500;8800;9000;9000;8888.25;6887.93
03.07.2025;5583.4;5281;4888;4488;3817;3817;5294.24;6850;5680;3620;2150;2040;948;1150;2150;2250;2400;4719;6900;8800;9000;9000;8890.39;6900
04.07.2025;5600;5579.23;4500;4999;4940;4488;5590.3;6892.32;6879.02;3888;2298;2550;1390;1410;2450;3500;3650;4115;8000;8500;9000;9000;8881.34;6892.96
05.07.2025;5600;5587.41;5484.56;5587.27;5103;4763;4444;5500;3850;3500;1820;2044;1410;1410;1410;3499;3690;3850;7187;8300;8800;8850;8850;6889.64
06.07.2025;5600;5600;4940;4940;4488;3850;3790;5400;3490;3278;1350;1350;1389;1389;1390;3650;3486;3803;8887.47;8800;8892.48;9000;8892.97;6881.22
07.07.2025;5600;5333.3;4940;4940;4888;4888;5591.54;6889.07;6877.86;4489;2638;1336;485;1336;3499;3025.49;3890;6170;4660;6500;9000;9000;8889.32;6886.4
08.07.2025;5600;5524;5509.77;5299;5299;5286.01;5587.97;6889.96;6851.07;6190;3499;1450;1175;1336;3803;3650;3890;5920;7232.57;8899;9000;9000;9000;6900
09.07.2025;5600;5585.27;5000;4940;4888;4792.52;5000;6880;6588;5621;3499;2900;1878;1878;3196;3310;3840;4850;5999;8300;8800;8850;8050;6870
10.07.2025;5000;4940;4419;4389;4394;4292;4800;5850;5542;5000;3850;3500;2059;2638;3050;2886.02;3384;4000;4741;6972;7550;7900;7500;5221
11.07.2025;5500;4940;4885;4660;4784;4845;5000;6000;5784;3000;2178;195;100;200;1178;1410;2555;4082;5327;6750;7500;7977;7080;6000
12.07.2025;5593.8;5600;5592.1;5589.91;5592.42;4799;4953;5000;4400;3000;1990;2920;1799;1820;2920;2920;2554;3450;4800;6250;7213;7500;7500;6893.91
13.07.2025;5600;5583.08;5587.49;5500;5585.09;5270;4648;4400;3480;2999;1150;3689;3689;3689;3689;2850;1378;2056;4000;6000;6500;7312;6500;6877
14.07.2025;5500;5000;5252;5054;5004;5023;5590.22;6889.11;6565;5570;3700;3000;2799;2799;3199;3820;4823;7500;8891.27;9000;9000;9000;9000;6900
15.07.2025;5590.36;5584.79;5470;5370;4965;4950;5126;6062;5890;5380;3840;3689;2500;3048;2990;2888;3944;5626;6799;7900;8850;9000;8887.28;6488
16.07.2025;5030;5140;4900;4546;4460;4208;4870;5456;5790;5585;3450;4191;4220;3850;3788;3900;5300;5625;6119;6999;8500;8874.57;7818;5030
17.07.2025;5030;4900;4950;4500;4500;3970;4955;5841;6024;5600;5001;4555;3970;3670;3183;3750;4345;4899;5030;6649;7570;8700;8444;6881.78
18.07.2025;5600;5590.48;5381;5189;5250;5300;5511;6887.15;6876.66;6851.61;6849.61;5539.97;5270;4083;3326;3375;3839;4960;6533;8850;8500;8888.88;8850;6788
19.07.2025;5600;5590.97;5587.43;5359;5400;5243;5180;5800;4388;3900;1666;998;798;550;502;798;1350;2500;4067;6100;6924;7800;7500;6500
20.07.2025;5400;5121.33;5030;4700;4870;4700;3970;3900;3499;2500;1128;978;300;100;100;299;500;1150;3970;6100;6660.69;8000;7800;6472
21.07.2025;5380;5560;5400;5030;5260;5584.63;5594.87;6892.54;6800;5888;4500;1750;1513;3850;3970;4700;5010;5030;6488;7990;8800;8800;7799;6000
22.07.2025;5550;5500;5000;4700;4700;4836;5500;6100;5400;3850;3650;3320;1000;798;1320;1410;3690;3970;5200;7349;8500;8860;7650;6488
23.07.2025;5582.71;4988.18;5475;4980;4900;4696;5000;5699;5835;3700;3000;2950;888;1338;2056;1398;3066;4576;6300;8800;8877.47;8890.03;8800;6886.28
24.07.2025;5577.76;5589.77;5592.8;5594.28;5590.36;5593.06;5592.23;6880.97;6588;5400;3780;2948;2055;3000;3160;3450;3968;6311;8200;9000;8888.34;8892.02;8894.53;6887.69
25.07.2025;5594.74;5587.15;5577.93;5000;5030;5030;5589.87;6300;6129;5879;4000;3968;3300;3850;3000;3500;5200;5499;7230;8860;8860;8877.95;8878.5;6800
26.07.2025;5600;5600;5590.77;5587.67;5584.53;5579.17;5000;5644;5600;4821;3199;3859;3650;2899;2899;2750;3650;5030;6298;8860;8860;8891.85;8860;6860
27.07.2025;5600;5600;5590.11;5591.57;5590.99;5590.8;5590.91;6891.54;6874.43;4422;3585;4800;3970;4500;3680;2550;3161;3970;6500;7500;8500;8892.14;8860;6860
28.07.2025;5600;5380;5054;5030;4950;4970;5252;6890.29;6874.17;6299;5250;4034;3592;3970;3970;4365;5000;6359.97;8887.62;9000;9000;9000;9000;6890.73
29.07.2025;5593.02;5577.3;5528.03;4980;4650;4650;5558;6800;5999;5510;5453;4053;3480;3658;4312;3690;4122;5152;8200;8888.78;9000;9000;9000;6860
30.07.2025;5600;5580.78;5400;5004;5592.97;5590.94;5587.09;6893.86;6900;6900;6800;5543.87;4180;3840;2940;2661;3055;3970;5293;8700;9000;9000;8888.19;6321.28
31.07.2025;5588.4;5207;5584.72;5590.08;5592.95;5590.81;5590.45;6892.1;6875.48;4930;2750;2055;728;1410;2350;2079;3340;3950;5800;8700;8896.23;9000;8860;6284.27
01.08.2025;5600;5593.44;5590.5;5593.79;5591.82;5588.3;5590.78;6889.21;6880.57;5372;3860;3690;2087;3555;2569;2350;3388;4450;5693;8700;8914;9300;8300;6889.51
02.08.2025;5600;5593.16;5592.73;5592.32;5589.09;5591.09;5590.62;4900;4900;3780;3200;3200;3200;3620;3178;3375;2450;3500;7000;8700;7900;8800;9000;6887.91
03.08.2025;5600;5600;5590.48;5589.28;5588.84;5592.54;5584.96;5000;3953;3650;3650;3688;3688;3688;3620;2400;1880;2000;4400;8300;7200;7900;8000;6500
04.08.2025;5588.85;5200;5000;5000;4733.32;5000;5500;6888.72;6878.05;5900;3940;3300;2055;2542;3688;1999;2168;3850;5550;8300;8800;12900;8800;6488
05.08.2025;5592.7;5000;5000;5000;4993;5130;5000;6300;5921;4500;3499;1673;1280;1488;1600;1765;1738;3680;6500;8500;10250;10858;8800;6850
06.08.2025;5591.34;5590.79;5500;5200;5200;4500;5200;6893.12;6872.61;5900;3930;3850;3850;4500;5543.73;3648;1600;3930;6000;7073;8000;9100;8497;5900
07.08.2025;5300;5550;5550;5300;5300;5023;5550;6850;6850;5200;3370;1340;1088;1320;3270;1220;1410;3640;5000;7000;7733.76;9000;8497;6277.48
08.08.2025;5550;5300;5350;5285;5300;5550;5582.73;6850;6500;3850;3020;1290;999;1290;2000;1370;3000;3650;6000;8000;8722;14551.37;14702.1;6892.73
09.08.2025;5600;5592.12;5590.82;5588.72;5591.7;5590.85;5550;6850;6500;3700;3250;3960;3960;3960;3960;3960;3960;5030;7800;7000;8600;14648.64;14699.19;6850
10.08.2025;5550;5588.21;5592.38;5587.66;5587.23;5550;5581.88;6500;4750;3450;2350;3450;3450;3450;1800;3779;3779;3850;7499;6804;8000;9000;10522;6850
11.08.2025;4900;5300;5300;4993;5181;4993;5591.2;6890.46;6900;6800;4500;2078;870.4;1139;1750;1250;1750;3450;5061;7372.34;10002.61;11926;9000;6400
12.08.2025;5550;5590.61;5550;5380;5550;5300;5592.37;6850;5490;3779;3549;799;555;790;1740;1240;1410;3800;5900;8450;14698.64;14700.38;8800;6891.47
13.08.2025;5588.89;5591.48;5584.73;5583.42;5582.75;5579.65;5600;6890.89;6847.21;3970;3683;1700;1300;1340;2893;3370;3683;3970.53;6500;12700;14849.12;14849.21;9300;6885.76
14.08.2025;5600;5591.09;5550;5579.42;5583.36;5380;5600;6850;6402;3800;3680;1700;1555;2082;1700;3186;3490;4571;9100;15000;15000;15000;10000;6900
15.08.2025;4900;4500;3970;3970;3970;3970;4500;4900;4055;2850;1350;500;500;1400;2378;1950;2854;3790;7800;11000;11000;11000;9100;6400
16.08.2025;5600;5600;5588.92;5589.06;5593.15;5592.24;5600;6500;3925;2799;485;474;499;1300;960;2399;2399;1700;5900;10500;10000;11000;8800;6850
17.08.2025;5591.55;5593.7;5579.2;5380;5200;5200;5380;6499;3500;2799;450;290;290;398;397;994;2554;5000;14852.02;15000;14900.44;14902.27;9000;6850
18.08.2025;5100;5592.38;5587.6;5380;5582.18;5591.66;5600;6887.36;6500;3970;1299;134;100;134;485;1280;5484.56;14707.06;14849.5;14902.28;14851.48;14853.62;10000;6000
19.08.2025;4500;4088.88;3780;3300;3300;3800;5000;6888.99;6842.18;3000;475;85;90;90;278;485;2556;5108;9100;14772.18;14400;14773.95;11000;6884.48
20.08.2025;5580.81;5400;4088.88;3970;3970;3900;5400;6791;6870;4490;1320;240;100;100;501;1280;4500;14848.88;8500;9500;10000;9920;7900;5500
21.08.2025;4800;5030;3850;3850;3850;3970;5030;6870;6780;3800;1290;450;445;475;1250;2555;5500;8000;8500;9300;9651;9245;6038;5700
22.08.2025;5190;5100;5000;4490;5000;4800;5190;6500;6848.24;6700;3800;501;439;400;1500;2474;4900;9300;9300;8400;9500;9300;7600;6390
23.08.2025;5500;5380;4800;5000;5030;5000;4261;4700;4900;3970;1200;90;56;54;50;100;570;2843;5500;8500;9500;10400;9100;5700
24.08.2025;4200;5000;5000;5000;5000;5000;4800;3450;2500;1679;68;24;26.67;23.33;20;45;100;1700;5500;8500;8500;9500;5900;5030
25.08.2025;3800;4950;4080;4200;4700;4354;5500;6344;5500;3250;531.34;100;56;80;185;299;3970;5400;7900;9100;10000;14872.16;9000;5800
26.08.2025;3970;4990;3970;4200;4200;4080;5500;5500;6500;4080;888;200;99;99;184;485;2200;4080;7000;9100;10000;10649;9000;5828
27.08.2025;5190;5589.84;5587.23;5585.09;5585.17;5256;5600;6882.77;6500;3800;1239;340;100;87;200;484;1410;4800;7800;9000;9500;10500;8500;5700
28.08.2025;3950;5000;4800;4000;4800;4000;5590.12;5788;4800;3759;720;439;87;100;200;340;1400;4050;8500;9500;12500;12500;10500;6000
29.08.2025;5380;5500;5000;4990;5000;4000;5582.27;6500;4988;3748;485;100;99;300;510;1240;1409;4800;9000;14897.21;14903.1;14898.21;14901.72;6887.04
30.08.2025;5593.33;5000;4703;4000;3950;3000;4000;3800;3000;3700;483;429;200;100;100;429;887;3940;8900;14902.63;14904.3;14899.31;14900.7;6891.88
31.08.2025;5590.19;5500;5000;5000;5000;3950;5190;3940;2999;1487;297;48;50;50;50;79.99;100;3800;8500;14899.63;14902.08;14901.02;14898.12;6690
01.09.2025;5190;2950;790;790;790;1816.67;3850;5765;6254;5200;2950;501;400;880;1870;2000;3000;4248.33;5500;6743.81;8500;8500;5450;4800
02.09.2025;3500;1690;500;480;500;500;3700;4900;4200;3499;1230;400;100;400;820;1950;2200;3940;5735;7142;9100;9000;6903;4000
03.09.2025;3940;2000;501;500;501;501;3940;5600;4200;2850;479.9;50;50;50;50;501;1690;4200;6249;9000;9500;9500;7483;5400
04.09.2025;4400;2099;1590;1800;1590;960;4290;5500;4400;2020;420;44;28;44;50;300;1500;4514;6500;8990;9300;9100;6994.11;5030
05.09.2025;3780;1600;366;480;480;1500;3800;5600;4500;1800;100;44;24;48;100;440;1499;4390;5995;8490;10000;9400;5000;4600
06.09.2025;5591.99;4800;4600;4500;4596;4652;5303;6076;6000;3750;1800;10;10;10;10;10;2950;5600;9400;8800;9100;9100;9100;6892.44
07.09.2025;5600;4800;3690;3500;3500;3500;3790;3972;3750;3750;1799;940;10;10;10;10;1499;2400;4800;6937;7800;7900;6000;4000
08.09.2025;4200;3990;2500;2500;2650;4080;5592.06;6900;6877.96;4600;1499;12;10;10;989;1490;4500;6000;8000;9100;9600;9100;6000;4600
09.09.2025;3200;1600;268;280;480;1500;4990;6554;6800;5500;2099;1001;415;1500;2099;3500;4990;6253;8500;9600;11000;10500;8000;5400
10.09.2025;3590;2090;2000;1000;1790;2290;4900;6900;6900;6500;3062;1380;414.99;1479.99;1989;3499;4200;5600;8400;11000;11000;11000;7613.79;5300
11.09.2025;4201;2000;2000;480;350;300;3000;4500;3985;3350;1999;399;100;950;1944.99;2635;3950;5490;7233;8800;10300;7800;6500;4600
12.09.2025;3780;1900;1939;1900;1890;1900;5290;6884.32;6900;6696;4800;3201;501;2088;2088;2920;3600;5070;7500;8800;9314;8800;6000;4490
13.09.2025;4849;4735;3400;3100;2999;2999;4270;4300;3990;4200;3550;3150;450;501;790;1950;1600;3950;6110;7387;8500;7299;6280;6300
14.09.2025;5580.1;2487;1375;1200;1200;1400;2898;2900;1950;1620;460;100;10;10;10;42;100;2459;5000;6107.02;7041.53;6500;5284;4800
15.09.2025;4080;3950;2346;2000;2000;3464;4800;6882.49;6850.25;4990;2847;878;10;798;469;994;3060;5564;7200;9150;10500;9100;6288;6200
16.09.2025;5300;4200;3670;2500;2500;3370;4817;6891.36;6837.89;3970;1420;150;47.99;70;300;1450;3088;5370;8800;11000;14897.89;11000;8000;6000
17.09.2025;4849;3780;3490;2300;2850;3000;4871;6850;6840;6800;4500;1380;100;501;1400;4390;5500;4888.09;7330;9400;10500;8680;5290;4400
18.09.2025;4388;2970;1500;500;1000;2589;3906;5700;6400;5290;3877;2000;150;70;50;100;480;2850;5589;8400;9100;8000;6569;4500
19.09.2025;4080;3371;2970;480;2000;3600;4770;6390;6400;5200;2088;99.99;10;10;10;97;633;5400;7892.61;10700;13990;9990;7000;6881
20.09.2025;4500;4088.88;2300;3600;1500;2500;4034;4500;3992;3000;940;10;10;10;10;20;50;2118;5555;7650;9150;7490;5490;4202
21.09.2025;4800;4202;2500;2970;2490;3788;3990;3000;2726;1350;10;10;10;10;10;10;10;2750;4450;6500;7500;6665;4500;3500
22.09.2025;3200;4080;3124;3286;3100;3990;4800;6499;6557;3000;1537;10;10;10;10;10;2950;6290;8885;14902.11;14949.53;11819;7499;6891.99
23.09.2025;5591.21;4500;4000;4000;4048;4080;5588.92;6890.28;6877.67;3900;2019;100;70;100;469;1190;4100;6524.5;8690;10500;14899.08;9600;7500;6700
24.09.2025;5590.4;4665;4244;4200;4201;4200;5590;6890.05;6900;6900;5000;2689;2555.55;2689;3500;5515.68;5600;14899.24;13800;10500;13930;9100;6359;4710
25.09.2025;3700;2500;825;1450;1970;2398;4080;5749.99;6770;6247;3750;1400;627;827;1000;3002;3318;5200;6792;8336;9400;7532.7;5618;4500
26.09.2025;4800;3768;3221;2799;3016;3888;4838;5880;5784;3969;2750;626;100;299;1224;2698;3720;5173.58;6490;7490;8430;6990;6012;5419
27.09.2025;5587.72;4427.06;3780;3712;3768;4000;4373;4895;4080;3350;2750;610;100;99;609;1283;1962;4800;5915;7290;8179;7161.98;5769.54;5580
28.09.2025;5589.05;5000;4500;4425;4432;4202;4500;4050;4000;3300;1500;1350;1324;610;580;2950;4468;5600;6000;7500;8999;7500;5501;5005.35
29.09.2025;5000;4800;4000;3785;4000;3785;4521;6870;6872.28;6660;5000;4490;3940;4244;4244;5300;5590;8565;10490;14899.73;14872.89;9550;6000;4780
30.09.2025;4849;2799;400;250;399.99;950;4080;6889.46;6900;6900;6838.81;5000;4384;4384;4740;4753;5300;7078;9595;14120;14900.9;13244;7200;5150
01.10.2025;4200;940;105;99;100;1400;3002;6870;6900;6900;6872.55;5542.75;5400;5100;5100;5499;5568.59;7236;9940;14893.82;15000;10130;5500;4202
02.10.2025;4080;3300;2000;987;1387;3780;4849;6870;6900;6889;5000;3981;3187;3088;3187;3950;4990;5950;7500;10000;10500;7849;5297;4202
03.10.2025;3000;3087;2000;1450;1450;3000;4080;5000;6365;5779;4523;3202.64;2220;2131.67;2000;2987;3838;4656;6699;7500;7644.23;6604.61;5290;3250
04.10.2025;4080;4200;4033;3000;3000;3500;2840;3000;4932;3970;3000;3000;2220;2556;2220;3940;4100;4804;6488;8450;8450;7000;5000;4400
05.10.2025;4080;3842;3500;2840;2500;2840;1880;2949;3653;3092;2087;1705;712;950;1187;3500;4200;5870;7450;9000;9358;9000;5990;4500
06.10.2025;4600;4254;4475;4080;4080;4439;4500;6879.23;6900;6900;6900;5542.15;5516.44;5535;5490.74;5540.8;5600;9499;12000;14700;14900.66;10290;7048.65;5500
07.10.2025;4849;4500;4080;2840;2840;4480;4080;6250;6900;6900;6875.12;5541.01;4740;4800;5175;5542.84;5568.7;9490;10200;11732.38;12000;9200;6008;4400
08.10.2025;4800;4600;4200;2850;3090;4480;4450;5910;6900;6873.61;6180;5000;4415;4640;4740;5000;5562.57;6800;9192;10450;10450;8500;6401;4400
09.10.2025;4480;4600;4200;2987;3248;4400;4300;6000;6900;6900;6574;5000;4400;4200;4175;4490;5200;6200;7880;9500;9500;8000;6250;4780
10.10.2025;5000;4480;4475;4200;4080;4478;4849;6889.45;6900;6848.94;6000;5200;4550;4669;4669;4700;5300;6840;8700;9000;9000;8000;5250;4780
11.10.2025;5600;5588.84;5591.39;5357;5394;5587.28;4738;6273;6879.32;6873.76;6877.67;4550;3557;3189;3189;3469;5566.79;14950.88;14947.58;14950.73;14950.57;14949.07;14947.67;6890.51
12.10.2025;5589.41;4900;4408;3400;3090;4175;1002;2555;3780;4302;3370;2328.49;1379;1000;995;1997;3700;5070;8300;14904.36;14899.64;10300;5890;5543.64
13.10.2025;4090;5300;4200;2740;2000;4900;5129;6900;6900;6900;6900;3577;1978;1869;1369;4250;5600;11844;14951.9;14949.33;14990;14901.89;8999;6900
14.10.2025;5589.3;5588.02;5150;4090;4090;5590.37;5600;6900;6900;6900;6876.26;3577;3180;3577;4877;5546;5600;14952.1;14951.67;14947.98;14948.08;14999;13665;6900
15.10.2025;5592.25;5590.06;5592.26;4175;4090;5590;5600;6900;6900;6900;6876.3;3687;3687;4577;5542.86;5571.36;5600;15000;15000;15000;15000;15000;14773;6900
16.10.2025;5600;5588.93;5588.62;4900;4900;5592.43;5600;6900;6900;6900;6900;5539.5;5000;5545.28;5570.3;5600;5600;15000;15000;15000;15000;15000;15000;6900
17.10.2025;5600;5510;4877;4540;4670;5510;5600;6900;6900;6900;6900;5538.34;4785;4746;4850;5541.93;5600;15000;15000;15000;15000;15000;13400;6270
18.10.2025;4900;4900;4577;2740;2870;4090;1490;4090;6770;6754;5770;4577;3556.67;3550;3780;4825;5566.16;13000;12500;12635;14899.64;10074;7490;5470
19.10.2025;5588.07;4763;4463;4090;2870;4090;900;2500;4090;4500;2980;1540;490;490;490;2063;3839;6000;7899;12500;11000;9500;6500;5000
20.10.2025;4090;4090;4090;1850;1555;4275;5592.46;6900;6900;6900;6500;4090;1000;1000;1189;4479;5567;9500;14900.19;14952.65;14947.78;14897.91;7000;6500
21.10.2025;4000;4000;2740;198;899;3780;2000;6900;6900;6900;4050;3750;967;1167;1985;3750;5562.88;9950;13697;14950;15000;12312;7000;5290
22.10.2025;3400;3066;4090;3000;3000;4090;3400;6894.02;6900;6900;6500;1829;3450;3400;4200;5539.66;5600;10392;12000;14901.18;14899.53;10400;6500;4900
23.10.2025;5600;5595.02;5588.71;5591.04;5592.07;5600;5592.39;6894.16;6897.84;6897.99;6894.93;4424;1790;1790;2990;3450;4741;9345;14902;14897.08;14898.14;9190;2900;4000
24.10.2025;5600;3780;3722;2000;2640.4;3592;1490;6894.08;6892;6896.83;6900;5538.44;5123;3970;4000;4000;5563.86;5990;12000;12999;14000;7490;3000;2500
25.10.2025;1000;3780;3970;3700;1577;501;79;1900;2200;1477;200;100;100;100;100;1250;3970;11000;14901.37;14951.01;14950.9;14898.74;11000;6893.54
26.10.2025;5590.19;4763;4763;3970;3780;3970;3126;72;650;1450;99;10;10;11;100;72;4150;5565.92;14952.63;14948.99;14902.71;14900.92;14899.53;6800
27.10.2025;3780;3780;3534;100;897;1555;72;4900;6900;6900;6872.79;3970;510;948;4645;5541.87;5568.78;8300;14897.55;14898.88;14902.82;11000;4185;1900
28.10.2025;250;3400;3200;3970;3970;5300;4235;4999;6500;4900;4400;3970;3970;4900;5542.89;5540.67;5564.4;14897.86;11840;10000;9800;8300;5500;3899
29.10.2025;3535;399;2555;1555;1000;2950;79;4000;3450;2487;1450;1450;850;1450;2450;5543.77;5600;14902.04;14898.41;14898.78;14901.74;14905.66;13000;5309
30.10.2025;5591.8;5120;5120;4777;4895;5589.04;4297;6887.19;3000;3750;50;19;19;100;2500;5542.53;5568.45;12500;10400;9316.97;13200;14901.45;6970;6000
31.10.2025;5600;4888;4571.23;4282;4588;5600;5600;6900;6900;6900;5367;3836;3075;3255;5067;5600;5600;15000;15000;15000;15000;15000;15000;6900
01.11.2025;5600;300;49;20;25;50;299;950;2450;2933;2850;2895;2445;2450;2990;3750;5600;15000;15000;15000;15000;14499;7740;5533
02.11.2025;5592.28;3396.58;399;72;72;500;100;650;990;3330;3075;2850;2845;2845;2163;4035;5600;14000;14000;14879.73;14901.05;13000;7000;3990
03.11.2025;2870;250;97;40;72;3000;5600;6900;6900;4297;3750;3750;3750;4297;5568.02;5600;5600;14951.92;14951.89;14947.36;14949.07;14903.57;9200;6043
04.11.2025;1005;1012;1009;1004;1002;1005;3200;6482;6800;6900;6851.54;4245;3595;4777;5567.55;5600;5600;13000;10000;10000;10000;7000;4000;4297
05.11.2025;1260;1260;1100;1000;1080;1360;4777;6900;6900;6872.6;5481;4777;4487.93;4900;5595;5600;5600;13391;9000;10000;9000;8700;6000;5603
06.11.2025;2400;2220;2040;801;1988;2300;5600;4847;4847;5800;4244;3850;3850;3200;5000;5595;5600;5950;7000;7000;6000;6000;3380;5250
07.11.2025;3936;3100;3060;1376;2000;3180;5560;6700;6400;5800;4350;2680;2540;2820;4245;5595;5600;14902.37;15000;14901.07;14895.67;11000;5300;5382
08.11.2025;4230;3480;3400;1376;1178;3360;3750;3000;3200;3079;2450;2399;2399;3824;5163;5600;5600;14499;14903.32;14500;14899.25;14897.29;6970;5115
09.11.2025;5600;5063;4777;4297;4185;4777;5120;5750;6900;6900;6900;5600;5600;5600;5600;5600;5600;14952.99;15000;15000;15000;15000;14947.08;6900
10.11.2025;4777;500;500;500;500;2898;5600;6900;6900;6900;6900;5600;5600;5600;5600;5600;5600;15000;14952.74;14948.37;14948.9;14951.32;15000;6900
11.11.2025;5592.91;2920;2000;500;500;5120;5593.99;6900;6900;6900;6900;5600;5600;5600;5600;5600;5600;15000;15000;15000;15000;15000;15000;6900
12.11.2025;800;500;801;500;500;3900;2000;6889.86;6900;6900;6900;5600;5600;5600;5600;5600;5600;15000;15000;15000;14900.18;14903.98;14902.4;6889.14
13.11.2025;2000;2500;2000;498;801;2100;4297;6900;6900;6860;4297;3950;5500;5543.32;5540.85;5600;5600;14896.33;15000;15000;14450;14400;11000;6000
14.11.2025;999.99;1808;2000;498;498;2500;2500;6892.62;6876.94;4847;1999;2500;4288;4284;5543.59;5600;5600;13100;14000;13050;14000;14400;12500;6800
15.11.2025;4185;200;100;63;31;81.25;72;1250;1250;1999;999;440;1900;2000;3990;5600;5600;14000;14000;13000;14000;14400;10343;6800
16.11.2025;4900;1000;100;100;100;100;100;4847;4847;6500;6500;5542.74;5539.82;5600;5600;5600;5600;14879.21;14799;14000;12000;12000;10000;4900
17.11.2025;2000;240;69;72;72;100;4297;6893.42;6878.28;6878.15;5600;5120;5537.32;5540.78;5600;5600;5600;14901.43;14799;14892.72;14899.24;14799;11000;4297
18.11.2025;5200;1000;500;100;100;2500;5590.29;6900;6900;6900;6900;5600;5600;5600;5600;5600;5600;15000;15000;15000;15000;15000;15000;6888.91
19.11.2025;5592.48;5000;1500;1000;1000;3600;5588.61;6900;6900;6900;6900;5600;5580;5600;5600;5600;5600;15000;15000;15000;15000;14903.02;14903.25;6888.51
20.11.2025;5600;5600;5600;5600;5600;5600;5600;6900;6900;6900;6900;5600;5600;5600;5600;5600;5600;15000;15000;15000;15000;15000;15000;6900
21.11.2025;5600;4967;4297;3200;3800;4550;5600;6900;6900;6900;6900;5600;5600;5600;5600;5600;5600;14000;14000;14154;13145;14898.68;14899.51;5850
22.11.2025;5589.37;4777;4100;3000;4100;4000;4201;4297;6400;6876.82;6875.04;5539.35;5600;5600;5600;5600;5600;14000;14893.57;13000;14000;13000;9000;5814
23.11.2025;4297;4777;1555;501;1000;1000;500;3000;4541;6875.41;6880;5600;5600;5600;5600;5600;5600;8960;11981;11000;11000;12000;10000;5850
24.11.2025;2147;1814;501;100;100;1000;3000;6900;6900;6900;6900;5487.2;4777;5489.66;5600;5600;5600;13000;12522;13765;12000;13000;9000;5000
25.11.2025;3000;1000;999.99;100;465;2517;4297;6800;6900;6877.06;5920;4150;4150;5120;5600;5600;5600;12000;14000;11800;11100;10000;7000;4900
26.11.2025;4297;2500;100;72;80;2554;4297;6891.33;6900;6900;6900;5600;5600;5600;5600;5600;5600;14380;13000;10000;12000;10080;8000;4297
27.11.2025;4777;2025;465;125;275;520;4297;5000;6879.44;6900;6900;5600;5600;5600;5600;5600;5600;11800;12270;12000;14899.78;14904.77;7500;6400
28.11.2025;5120;4777;2628;1550;1962;4200;5120;6250;6900;6900;6880.62;5600;5600;5600;5600;5600;5600;13000;13000;14745;14894.54;14897.58;10000;5850
29.11.2025;4777;4777;3000;1962;2010.99;2554;4200;4297;5856;6840.85;6876.58;5600;5600;5600;5600;5600;5600;11500;11500;10300;13000;9500;5967;4297
30.11.2025;5587.15;5120;2920;500;711;801;3000;4297;5502.67;6000;6874.76;5600;5600;5600;5600;5600;5600;14765;14903.39;14765;14897.82;14898.76;7500;5905
01.12.2025;5499;3050;1700;500;1000;4297;5567;6900;6900;6900;6900;5600;5600;5600;5600;5600;5600;14156;14420;14000;14785;14785;9000;6900
02.12.2025;5120;3163;2500;1000;1000;3999;4297;6900;6900;6900;6900;5600;5600;5600;5600;5600;5600;11500;13000;10300;14156;12637;7944;6900
03.12.2025;5150;2500;2500;1777;2000;2999;3499;6900;6900;6900;6900;5600;5600;5600;5600;5600;5600;10300;11500;10000;9500;9000;6967;5600
04.12.2025;4550;1450;1000;1000;1000;2470;3000;6000;6900;6900;6900;5600;5600;5600;5600;5600;5600;10000;9500;9000;9500;9360;7353;5550
05.12.2025;4550;1500;1000;1000;1000;2554;4275;6000;6900;6900;6900;5600;5600;5600;5600;5600;5600;9000;8000;8000;8000;7947;6290;5200
06.12.2025;4400;3109;1777;1500;1500;3220;3000;4867;5890;6850;6799;5499;5487.74;5499;5600;5600;5600;8000;8004;8970;9874;8700;6147;6367
07.12.2025;5600;5600;5600;5600;5600;5600;5600;6900;6900;6900;6900;5600;5600;5600;5600;5600;5600;15000;15000;15000;15000;15000;15000;6900
08.12.2025;5600;5600;5600;5600;5600;5600;5600;6900;6900;6900;6900;5600;5600;5600;5600;5600;5600;15000;15000;15000;15000;15000;15000;6900
09.12.2025;5600;5600;5600;5600;5600;5600;5600;6900;6900;6900;6900;5600;5600;5600;5600;5600;5600;15000;15000;15000;15000;15000;15000;6900
10.12.2025;4050;4550;4199;3500;3664;4550;4777;6900;6900;6900;6900;5600;5600;5600;5600;5600;5600;15000;15000;15000;15000;15000;15000;6900
11.12.2025;5600;5587.94;4948;4550;4550;4746;5593.78;6900;6900;6900;6900;5600;5600;5600;5600;5600;5600;15000;15000;14897.67;14903.52;15000;9787;6900
12.12.2025;5593.27;5000;4777;4297;4297;4550;5567;6900;6900;6900;6900;5600;5600;5600;5600;5600;5600;14000;14898.13;14902.73;14902.68;14900.28;12000;6000
13.12.2025;5600;4857;4180;4297;4297;4050;4297;5912;6767;6767;6767;5538.66;5600;5600;5600;5600;5600;14902.89;14902.58;14900.62;14904.76;14905.02;15000;6890.56
14.12.2025;5120;4550;4164;3450;3450;3553;3890;4297;5267;6750;6875.9;5600;5600;5600;5600;5600;5600;9000;9000;9350;9000;9000;8279;5200
15.12.2025;5120;4467;4367;4264;4297;4297;5067;6894.78;6900;6900;6900;5600;5600;5600;5600;5600;5600;14899.98;15000;15000;15000;14899.53;14902.62;6887.84
16.12.2025;4000;3442;3000;3000;3000;3600;4777;6668;6900;6900;6000;4500;4325;4550;5600;5600;5600;9960;10910;10300;9000;8700;6950;5098
17.12.2025;4777;4297;3000;2665;3000;4777;5592.96;6900;6900;6900;6900;5539.91;5543.12;5600;5600;5600;5600;10621;10344;10300;9350;8700;6950;5850
18.12.2025;2400;2025;1500;801;947;2500;3000;5400;6900;6900;6900;5600;5600;5600;5600;5600;5600;10092;9999;11500;10500;10349;7210;5900
19.12.2025;4297;4550;4297;1900;1999;3000;4550;6850;6900;6900;6876.42;5540.15;5540.69;5600;5600;5600;5600;13967;13967;14000;13967;11700;6450;5900
20.12.2025;4550;3000;4201;2000;2000;3000;3000;4843;6874.91;6900;6900;5600;5600;5600;5600;5600;5600;14000;14000;14000;13937;12000;6400;5872
21.12.2025;4297;2000;1000;700;850;1390;2500;3800;5800;6873.82;6900;5600;5600;5600;5600;5600;5600;7450;7450;7450;7350;7450;5950;4297
22.12.2025;3500;2000;1150;1000;1000;2000;3900;6900;6900;6900;6900;5600;5600;5600;5600;5600;5600;8000;8000;8000;7450;7450;6000;5000
23.12.2025;4500;1800;1900;1200;1800;4297;5504;6767;6900;6900;6900;5600;5600;5600;5600;5600;5600;8367;8466;8000;7888;7156;5150;4297
24.12.2025;5600;5600;5600;5600;5600;5600;5600;6900;6900;6900;6900;5600;5600;5600;5600;5600;5600;15000;15000;15000;15000;15000;15000;6900
25.12.2025;4297;2995;2000;1500;2000;2500;3000;4843;5400;5000;4600;4250;4250;4600;5467;5600;5600;7150;7150;7150;7150;6700;5900;4961
26.12.2025;4214;2995;1200;1000;1000;2500;3000;4297;5483;5900;6000;5516.24;5538.93;5600;5600;5600;5564.46;5810;6138;5760;5600;5537;4500;3000
27.12.2025;5350;4550;4550;4297;4505.66;4550;5150;4300;5867;6852.24;6875.51;5600;5600;5600;5600;5600;5600;7450;7450;7450;7150;6950;5800;5724
28.12.2025;5591.61;5300;4980;4297;4297;5000;5067;4250;6100;6874.58;6900;5600;5600;5600;5600;5600;5600;13500;14678;14755;14810;14678;8500;6000
29.12.2025;3100;3100;3100;3500;3500;4818;5210;5800;6900;6900;6900;5600;5600;5600;5600;5600;5600;13700;14821;14678;14892.22;14879.42;10678;6776
30.12.2025;5500;5300;5300;5300;5300;4297;5200;5290;6875.8;6900;6800;5537.46;5400;5600;5600;5600;5600;13000;13000;12700;12700;12437;7500;6389
31.12.2025;5600;5300;5300;5300;5300;5267;5480;6000;6700;6900;6877.81;5600;5600;5600;5600;5600;5600;15000;14947.88;14898.43;13700;11500;7500;6850
